video1,video2,clip_similarity,video_similarity
Aussie_Brunette_Brushing_Long_Hair_brush_hair_u_nm_np1_ba_med_3.avi 26,Aussie_Brunette_Brushing_Long_Hair_brush_hair_u_nm_np1_fr_med_0.avi 26,0.90287,0.55475
Brushing_Her_Hair__[_NEW_AUDIO_]_UPDATED!!!!_brush_hair_h_cm_np1_le_goo_1.avi 26,Brushing_Her_Hair__[_NEW_AUDIO_]_UPDATED!!!!_brush_hair_h_cm_np1_le_goo_2.avi 26,0.90078,0.59852
Brushing_my_long_hair_brush_hair_u_nm_np1_ba_goo_2.avi 26,Brushing_my_long_hair_brush_hair_u_nm_np1_fr_goo_1.avi 26,0.94970,0.59837
Ella_brushing_her_amazing_long_hair_brush_hair_u_cm_np1_ba_goo_2.avi 26,Ella_brushing_her_amazing_long_hair_brush_hair_u_cm_np1_ri_goo_1.avi 26,0.90644,0.38878
Prelinger_HabitPat1954_brush_hair_u_cm_np1_le_med_10.avi 26,Prelinger_HabitPat1954_brush_hair_u_nm_np1_le_goo_11.avi 26,0.95470,0.59093
me_brushing_my_hair_lol_i_was_being_silly_brush_hair_u_nm_np1_ba_goo_2.avi 26,me_brushing_my_hair_lol_i_was_being_silly_brush_hair_u_nm_np1_fr_goo_0.avi 26,0.91052,0.47664
me_brushing_my_hair_lol_i_was_being_silly_brush_hair_u_nm_np1_ba_goo_2.avi 26,me_brushing_my_hair_lol_i_was_being_silly_brush_hair_u_nm_np1_le_goo_1.avi 26,0.92590,0.53172
me_brushing_my_hair_lol_i_was_being_silly_brush_hair_u_nm_np1_ba_goo_2.avi 26,me_brushing_my_hair_lol_i_was_being_silly_brush_hair_u_nm_np1_ri_goo_3.avi 26,0.95351,0.53767
Jessica_and_Gregs_Cartwheel_Competition_cartwheel_f_cm_np1_ba_med_1.avi 35,Jessica_and_Gregs_Cartwheel_Competition_cartwheel_f_cm_np1_fr_med_6.avi 35,0.92407,0.56714
Jessica_and_Gregs_Cartwheel_Competition_cartwheel_f_cm_np1_fr_med_3.avi 35,Jessica_and_Gregs_Cartwheel_Competition_cartwheel_f_cm_np1_fr_med_6.avi 35,0.90074,0.53319
Jessica_and_Gregs_Cartwheel_Competition_cartwheel_f_cm_np1_fr_med_6.avi 35,Jessica_and_Gregs_Cartwheel_Competition_cartwheel_f_cm_np1_le_med_0.avi 35,0.90067,0.47483
Projekt_SPOHO_2008_-_27_02_08_-_Training-_Bodenk_r_4_cartwheel_f_cm_np1_ri_med_3.avi 35,Projekt_SPOHO_2008_-_27_02_08_-_Training-_Bodenk_r_4_somersault_f_cm_np1_ri_med_0.avi 32,0.94638,0.58741
boden__bung_gaurunde_cartwheel_f_cm_np1_le_med_2.avi 35,turnles!!_cartwheel_f_cm_np1_ri_med_1.avi 35,0.91248,0.55596
boden__bung_gaurunde_cartwheel_f_cm_np1_le_med_2.avi 35,Rush_Hour_4_Turnk_r_flic_flac_f_cm_np1_ri_med_5.avi 37,0.90084,0.53537
cartwheel_challange_cartwheel_f_cm_np2_le_med_0.avi 35,cartwheel_challange_cartwheel_f_cm_np2_le_med_1.avi 35,0.90216,0.55979
turnles!!_cartwheel_f_cm_np1_ri_med_0.avi 35,turnles!!_cartwheel_f_cm_np1_ri_med_1.avi 35,0.92486,0.58902
turnles!!_cartwheel_f_cm_np1_ri_med_0.avi 35,turnles!!_cartwheel_f_cm_np1_ri_med_3.avi 35,0.95662,0.58351
turnles!!_cartwheel_f_cm_np1_ri_med_0.avi 35,turnles!!_cartwheel_f_cm_np1_ri_med_4.avi 35,0.96045,0.55047
turnles!!_cartwheel_f_cm_np1_ri_med_1.avi 35,turnles!!_cartwheel_f_cm_np1_ri_med_4.avi 35,0.91078,0.58016
turnles!!_cartwheel_f_cm_np1_ri_med_1.avi 35,Turnen_Training_flick_flack_salto_gymnastics_backhandspring_backtuck_flic_flac_f_cm_np1_ri_bad_0.avi 37,0.91607,0.50658
turnles!!_cartwheel_f_cm_np1_ri_med_1.avi 35,Turnen_Training_flick_flack_salto_gymnastics_backhandspring_backtuck_flic_flac_f_cm_np1_ri_bad_1.avi 37,0.90329,0.45459
turnles!!_cartwheel_f_cm_np1_ri_med_3.avi 35,turnles!!_cartwheel_f_cm_np1_ri_med_6.avi 35,0.93636,0.58868
turnles!!_cartwheel_f_cm_np1_ri_med_3.avi 35,Turnen_Training_flick_flack_salto_gymnastics_backhandspring_backtuck_flic_flac_f_cm_np1_ri_bad_0.avi 37,0.90146,0.54159
turnles!!_cartwheel_f_cm_np1_ri_med_4.avi 35,turnles!!_cartwheel_f_cm_np1_ri_med_6.avi 35,0.92136,0.54207
turnles!!_cartwheel_f_cm_np1_ri_med_6.avi 35,Turnen_Training_flick_flack_salto_gymnastics_backhandspring_backtuck_flic_flac_f_cm_np1_ri_bad_0.avi 37,0.92533,0.52540
Goalkeeper_Training_Day_#_2_catch_f_cm_np1_ba_bad_5.avi 19,Goalkeeper_Training_Day_#_7_catch_f_nm_np1_ri_bad_4.avi 19,0.90683,0.38668
Goalkeeper_Training_Day_#_7_catch_f_cm_np1_ba_bad_2.avi 19,Goalkeeper_Training_Day_#_7_catch_f_cm_np1_le_bad_3.avi 19,0.93658,0.53055
Goalkeeper_Training_Day_#_7_catch_f_cm_np1_ba_bad_2.avi 19,Goalkeeper_Training_Day_#_7_catch_f_cm_np1_ri_med_0.avi 19,0.91082,0.49496
Goalkeeper_Training_Day_#_7_catch_f_cm_np1_ba_bad_2.avi 19,Goalkeeper_Training_Day_#_7_catch_f_nm_np1_ri_bad_4.avi 19,0.94269,0.45834
Goalkeeper_Training_Day_#_7_catch_f_cm_np1_le_bad_3.avi 19,Goalkeeper_Training_Day_#_7_catch_f_nm_np1_ri_bad_4.avi 19,0.95251,0.57208
Torwartraining_TuS_Koblenz_11_08_09_catch_f_cm_np1_le_bad_1.avi 19,Torwartraining_TuS_Koblenz_11_08_09_catch_f_cm_np1_ri_bad_0.avi 19,0.90302,0.47560
Torwarttraining_-_Impressionen_vom_1__FFC_Frankfurt_catch_f_cm_np1_ri_med_1.avi 19,Torwarttraining_-_Impressionen_vom_1__FFC_Frankfurt_catch_f_cm_np1_ri_med_2.avi 19,0.96250,0.57002
Torwarttraining_2_(_sterreich)_catch_f_cm_np1_ba_goo_0.avi 19,Torwarttraining_2_(_sterreich)_catch_f_cm_np1_le_med_3.avi 19,0.90930,0.48988
Torwarttraining_2_(_sterreich)_catch_f_cm_np1_ba_goo_0.avi 19,Torwarttraining_2_(_sterreich)_catch_f_cm_np1_le_med_4.avi 19,0.90773,0.46921
Torwarttraining_2_(_sterreich)_catch_f_cm_np1_ba_goo_0.avi 19,Torwarttraining_2_(_sterreich)_catch_f_cm_np1_le_med_5.avi 19,0.93158,0.43021
Torwarttraining_2_(_sterreich)_catch_f_cm_np1_ba_goo_1.avi 19,Torwarttraining_2_(_sterreich)_catch_f_cm_np1_le_med_3.avi 19,0.90206,0.52131
Torwarttraining_2_(_sterreich)_catch_f_cm_np1_ba_goo_1.avi 19,Torwarttraining_2_(_sterreich)_catch_f_cm_np1_le_med_4.avi 19,0.90054,0.51633
Torwarttraining_2_(_sterreich)_catch_f_cm_np1_ba_goo_1.avi 19,Torwarttraining_2_(_sterreich)_catch_f_cm_np1_le_med_5.avi 19,0.92308,0.45376
Torwarttraining_2_(_sterreich)_catch_f_cm_np1_ba_goo_2.avi 19,Torwarttraining_2_(_sterreich)_catch_f_cm_np1_le_med_5.avi 19,0.91269,0.41642
Bubble_Gum_Club_2_chew_h_nm_np2_fr_med_1.avi 13,Bubble_Gum_Club_2_wave_h_nm_np2_fr_med_0.avi 25,0.98050,0.59640
Bubble_blowing_3!_chew_h_nm_np1_le_bad_0.avi 13,Bubble_blowing_3!_chew_h_nm_np1_le_bad_1.avi 13,0.90409,0.56059
Me_chewing_hubba_bubba_bubble_gum_chew_h_nm_np1_fr_bad_1.avi 13,Me_chewing_hubba_bubba_bubble_gum_chew_h_nm_np1_fr_bad_2.avi 13,0.95332,0.49982
cotton_candy_bubble_gum_chew_h_nm_np1_fr_med_0.avi 13,cotton_candy_bubble_gum_chew_h_nm_np1_fr_med_2.avi 13,0.94068,0.52710
cotton_candy_bubble_gum_chew_h_nm_np1_fr_med_1.avi 13,cotton_candy_bubble_gum_chew_h_nm_np1_fr_med_2.avi 13,0.94694,0.56689
LetThePeopleClap_clap_u_cm_np1_fr_med_1.avi 10,LetThePeopleClap_clap_u_cm_np1_fr_med_2.avi 10,0.93780,0.55650
India_Monkey_King_scales_new_heights_climb_f_cm_np1_ba_med_2.avi 45,India_Monkey_King_scales_new_heights_climb_f_cm_np1_ba_med_4.avi 45,0.94287,0.59080
Kletter-WM_2005-_Bouldern_Finale_Damen__Vera_Kotasova_(CZE)_climb_f_cm_np1_ba_med_0.avi 45,Kletter-WM_2005-_Bouldern_Finale_Herren__Serik_Kazbekov_climb_f_cm_np1_ba_med_0.avi 45,0.90656,0.55956
Kletter-WM_2005-_Bouldern_Finale_Damen__Vera_Kotasova_(CZE)_climb_f_cm_np1_ba_med_1.avi 45,Kletter-WM_2005-_Bouldern_Finale_Damen__Vera_Kotasova_(CZE)_climb_f_cm_np1_ba_med_2.avi 45,0.95852,0.58386
Kletter-WM_2005-_Bouldern_Finale_Damen__Vera_Kotasova_(CZE)_climb_f_cm_np1_ba_med_1.avi 45,Kletter-WM_2005-_Bouldern_Finale_Herren__Serik_Kazbekov_climb_f_cm_np1_ba_med_0.avi 45,0.90987,0.53705
Kletter-WM_2005-_Speed_Achtelfinale_Herren_Minatchev_Hroza_climb_f_cm_np2_ba_med_0.avi 45,Kletter-WM_2005-_Speed_Achtelfinale_Herren_Minatchev_Hroza_climb_f_cm_np2_ba_med_2.avi 45,0.90273,0.56040
rope_climb_Olivia_Age_4_climb_f_cm_np1_ba_med_1.avi 45,rope_climb_Olivia_Age_4_climb_f_cm_np1_fr_med_2.avi 45,0.93013,0.58309
Increase_stride_length_by_running_stairs__working_step_over_action_speed_development_climb_stairs_f_cm_np1_le_med_1.avi 5,Increase_stride_length_by_running_stairs__working_step_over_action_speed_development_climb_stairs_f_cm_np1_le_med_2.avi 5,0.93832,0.56434
Micah_Lacerte_Running_Stairs___Great_cardio_for_fat_loss_climb_stairs_f_cm_np1_ba_med_3.avi 5,Micah_Lacerte_Running_Stairs___Great_cardio_for_fat_loss_climb_stairs_f_cm_np1_ba_med_5.avi 5,0.90129,0.54098
Piano_stairs__-_TheFunTheory_com_-_Rolighetsteorin_se_climb_stairs_f_nm_np1_ba_med_0.avi 5,Piano_stairs__-_TheFunTheory_com_-_Rolighetsteorin_se_climb_stairs_f_nm_np3_ba_med_2.avi 5,0.93527,0.53666
Piano_stairs__-_TheFunTheory_com_-_Rolighetsteorin_se_climb_stairs_f_nm_np3_ba_med_2.avi 5,Piano_stairs__-_TheFunTheory_com_-_Rolighetsteorin_se_climb_stairs_f_nm_np3_ba_med_7.avi 5,0.90759,0.59828
treppensteigen_1_climb_stairs_f_cm_np2_fr_med_0.avi 5,treppensteigen_1_climb_stairs_f_cm_np2_fr_med_2.avi 5,0.90286,0.57019
treppensteigen_1_climb_stairs_f_cm_np2_fr_med_1.avi 5,treppensteigen_1_climb_stairs_f_cm_np2_fr_med_2.avi 5,0.91750,0.59855
bungee_jumping_compilation_dive_f_cm_np1_le_bad_2.avi 4,bungee_jumping_compilation_dive_f_cm_np1_ri_bad_3.avi 4,0.90835,0.22823
bungee_jumping_compilation_dive_f_cm_np1_le_bad_4.avi 4,bungee_jumping_compilation_dive_f_cm_np1_le_med_0.avi 4,0.93037,0.57821
Eishin-Ryu_Iaido_draw_sword_f_cm_np1_fr_med_0.avi 44,Eishin-Ryu_Iaido_draw_sword_f_cm_np1_fr_med_12.avi 44,0.94126,0.56749
Eishin-Ryu_Iaido_draw_sword_f_cm_np1_fr_med_0.avi 44,Ukigumo_Kata_from_Hasegawa_Eishin_Ryu_draw_sword_f_nm_np1_fr_med_0.avi 44,0.91084,0.44014
Eishin-Ryu_Iaido_draw_sword_f_cm_np1_fr_med_0.avi 44,Ukigumo_Kata_from_Hasegawa_Eishin_Ryu_draw_sword_f_nm_np1_fr_med_2.avi 44,0.90029,0.39010
Eishin-Ryu_Iaido_draw_sword_f_cm_np1_fr_med_12.avi 44,Eishin-Ryu_Iaido_draw_sword_f_cm_np1_fr_med_2.avi 44,0.93435,0.50680
Iaido_13_katas_draw_sword_f_nm_np1_ba_med_2.avi 44,Iaido_13_katas_draw_sword_f_nm_np1_fr_med_0.avi 44,0.96183,0.58508
Iaido_13_katas_draw_sword_f_nm_np1_ba_med_2.avi 44,Iaido_13_katas_draw_sword_f_nm_np1_fr_med_12.avi 44,0.96303,0.59215
Iaido_13_katas_draw_sword_f_nm_np1_ba_med_2.avi 44,Iaido_13_katas_draw_sword_f_nm_np1_fr_med_7.avi 44,0.94877,0.49593
Iaido_13_katas_draw_sword_f_nm_np1_fr_med_0.avi 44,Iaido_13_katas_draw_sword_f_nm_np1_fr_med_12.avi 44,0.95018,0.46382
Iaido_13_katas_draw_sword_f_nm_np1_fr_med_0.avi 44,Iaido_13_katas_draw_sword_f_nm_np1_fr_med_7.avi 44,0.93438,0.45279
Iaido_13_katas_draw_sword_f_nm_np1_fr_med_0.avi 44,Iaido_13_katas_draw_sword_f_nm_np1_le_med_5.avi 44,0.95242,0.58643
Iaido_13_katas_draw_sword_f_nm_np1_fr_med_7.avi 44,Iaido_13_katas_draw_sword_f_nm_np1_le_med_5.avi 44,0.95181,0.53898
MAF_Tenshin_Ryu_draw_sword_f_cm_np1_fr_med_3.avi 44,MAF_Tenshin_Ryu_sword_exercise_f_nm_np1_ri_bad_2.avi 27,0.91645,0.47513
MAF_Tenshin_Ryu_draw_sword_f_cm_np1_fr_med_3.avi 44,MAF_Tenshin_Ryu_sword_exercise_f_nm_np2_fr_bad_4.avi 27,0.97463,0.53862
Muso_Jikiden_Eishinryu_in_Guldental_draw_sword_f_cm_np1_ba_med_2.avi 44,Muso_Jikiden_Eishinryu_in_Guldental_draw_sword_f_cm_np1_le_med_3.avi 44,0.95630,0.54274
Muso_Jikiden_Eishinryu_in_Guldental_draw_sword_f_cm_np1_ba_med_2.avi 44,Muso_Jikiden_Eishinryu_in_Guldental_draw_sword_f_cm_np1_le_med_4.avi 44,0.96109,0.56184
Muso_Jikiden_Eishinryu_in_Guldental_draw_sword_f_cm_np1_ba_med_2.avi 44,Muso_Jikiden_Eishinryu_in_Guldental_draw_sword_f_cm_np1_ri_med_1.avi 44,0.96678,0.59801
Muso_Jikiden_Eishinryu_in_Guldental_draw_sword_f_cm_np1_le_med_3.avi 44,Muso_Jikiden_Eishinryu_in_Guldental_draw_sword_f_cm_np1_ri_med_1.avi 44,0.96788,0.50094
Muso_Jikiden_Eishinryu_in_Guldental_draw_sword_f_cm_np1_le_med_3.avi 44,Ukigumo_Kata_from_Hasegawa_Eishin_Ryu_draw_sword_f_nm_np1_fr_med_0.avi 44,0.90332,0.35208
Muso_Jikiden_Eishinryu_in_Guldental_draw_sword_f_cm_np1_le_med_3.avi 44,Ukigumo_Kata_from_Hasegawa_Eishin_Ryu_draw_sword_f_nm_np1_le_med_1.avi 44,0.92047,0.34307
Muso_Jikiden_Eishinryu_in_Guldental_draw_sword_f_cm_np1_le_med_4.avi 44,Muso_Jikiden_Eishinryu_in_Guldental_draw_sword_f_cm_np1_ri_med_1.avi 44,0.95854,0.43366
Muso_Jikiden_Eishinryu_in_Guldental_draw_sword_f_cm_np1_le_med_4.avi 44,Ukigumo_Kata_from_Hasegawa_Eishin_Ryu_draw_sword_f_nm_np1_fr_med_0.avi 44,0.90664,0.35051
Muso_Jikiden_Eishinryu_in_Guldental_draw_sword_f_cm_np1_le_med_4.avi 44,Ukigumo_Kata_from_Hasegawa_Eishin_Ryu_draw_sword_f_nm_np1_le_med_1.avi 44,0.90866,0.43355
Tenshin_Ryu_Aikido_draw_sword_f_nm_np1_ri_med_0.avi 44,Kendo_Basics_sword_exercise_f_cm_np2_le_bad_3.avi 27,0.90238,0.42970
Tenshin_Ryu_Aikido_draw_sword_f_nm_np1_ri_med_0.avi 44,Kendo_Basics_sword_exercise_f_nm_np1_le_bad_4.avi 27,0.90965,0.45359
Tenshin_Ryu_Aikido_draw_sword_f_nm_np1_ri_med_0.avi 44,Kendo_Basics_sword_exercise_f_nm_np1_ri_bad_6.avi 27,0.91096,0.52763
Tenshin_Ryu_Aikido_draw_sword_f_nm_np1_ri_med_0.avi 44,Kendo_Basics_sword_exercise_f_nm_np1_ri_bad_7.avi 27,0.92005,0.53199
10YearOldYouthBasketballStarBaller_dribble_f_cm_np1_ba_med_5.avi 18,10YearOldYouthBasketballStarBaller_dribble_f_cm_np1_fr_med_7.avi 18,0.90936,0.58238
10YearOldYouthBasketballStarBaller_dribble_f_cm_np1_ba_med_5.avi 18,10YearOldYouthBasketballStarBaller_shoot_ball_f_cm_np1_ba_med_3.avi 22,0.90628,0.30093
10YearOldYouthBasketballStarBaller_dribble_f_cm_np1_fr_med_0.avi 18,10YearOldYouthBasketballStarBaller_dribble_f_cm_np1_fr_med_1.avi 18,0.92583,0.59330
10YearOldYouthBasketballStarBaller_dribble_f_cm_np1_fr_med_0.avi 18,10YearOldYouthBasketballStarBaller_dribble_f_cm_np1_fr_med_8.avi 18,0.95380,0.58097
10YearOldYouthBasketballStarBaller_dribble_f_cm_np1_fr_med_0.avi 18,10YearOldYouthBasketballStarBaller_dribble_f_cm_np1_ri_med_4.avi 18,0.93582,0.57423
10YearOldYouthBasketballStarBaller_dribble_f_cm_np1_fr_med_1.avi 18,10YearOldYouthBasketballStarBaller_dribble_f_cm_np1_ri_med_4.avi 18,0.91824,0.56368
10YearOldYouthBasketballStarBaller_dribble_f_cm_np1_fr_med_7.avi 18,10YearOldYouthBasketballStarBaller_dribble_f_cm_np1_fr_med_8.avi 18,0.91393,0.49870
10YearOldYouthBasketballStarBaller_dribble_f_cm_np1_fr_med_7.avi 18,10YearOldYouthBasketballStarBaller_dribble_f_cm_np1_ri_med_4.avi 18,0.91331,0.54654
10YearOldYouthBasketballStarBaller_dribble_f_nm_np1_ba_med_17.avi 18,10YearOldYouthBasketballStarBaller_shoot_ball_f_nm_np1_ba_med_11.avi 22,0.93545,0.53595
10YearOldYouthBasketballStarBaller_dribble_f_nm_np1_ba_med_17.avi 18,10YearOldYouthBasketballStarBaller_shoot_ball_f_nm_np1_ba_med_12.avi 22,0.93175,0.48774
10YearOldYouthBasketballStarBaller_dribble_f_nm_np1_ba_med_17.avi 18,10YearOldYouthBasketballStarBaller_shoot_ball_f_nm_np1_ba_med_14.avi 22,0.93643,0.50254
10YearOldYouthBasketballStarBaller_dribble_f_nm_np1_ba_med_17.avi 18,10YearOldYouthBasketballStarBaller_shoot_ball_f_nm_np1_ri_med_10.avi 22,0.91878,0.48271
Basketball_Dribbling_Tips__2_dribble_f_cm_np1_fr_med_0.avi 18,Basketball_Dribbling_Tips__2_dribble_f_cm_np1_le_med_3.avi 18,0.94583,0.59056
Basketball_Dribbling_Tips__2_dribble_f_cm_np1_fr_med_0.avi 18,Basketball_Dribbling_Tips__2_dribble_f_cm_np1_le_med_4.avi 18,0.92744,0.58175
Basketball_Dribbling_Tips__2_dribble_f_cm_np1_fr_med_0.avi 18,Basketball_Dribbling_Tips__2_dribble_f_cm_np1_le_med_5.avi 18,0.91635,0.57229
Clay_sBasketballSkillz_dribble_f_nm_np1_fr_med_18.avi 18,Clay_sBasketballSkillz_dribble_f_nm_np1_le_med_1.avi 18,0.92215,0.54321
Clay_sBasketballSkillz_dribble_f_nm_np1_fr_med_18.avi 18,Clay_sBasketballSkillz_pick_f_nm_np1_ba_med_0.avi 49,0.90043,0.43395
Clay_sBasketballSkillz_dribble_f_nm_np1_fr_med_18.avi 18,Clay_sBasketballSkillz_pick_f_nm_np1_ri_med_8.avi 49,0.90858,0.45042
How_to_Improve_Your_Basketball_Skills_-_How_to_Dribble_a_Basketball_Between_the_Legs_dribble_f_cm_np1_fr_med_0.avi 18,How_to_Improve_Your_Basketball_Skills_-_How_to_Dribble_a_Basketball_Between_the_Legs_dribble_f_cm_np1_ri_med_4.avi 18,0.90774,0.58174
PlayingBasketball_dribble_f_nm_np1_fr_med_8.avi 18,PlayingBasketball_shoot_ball_f_nm_np1_ba_med_6.avi 22,0.91616,0.59079
TheBoondockSaints_fall_floor_f_nm_np1_fr_med_65.avi 31,TheBoondockSaints_fall_floor_u_nm_np2_fr_med_64.avi 31,0.96631,0.52306
Die_Another_Day_-_Fencing_Scene_Part_1_[HD]_fencing_f_cm_np2_le_goo_0.avi 21,Die_Another_Day_-_Fencing_Scene_Part_1_[HD]_fencing_u_cm_np2_fr_goo_2.avi 21,0.90307,0.42406
Die_Another_Day_-_Fencing_Scene_Part_1_[HD]_fencing_u_cm_np2_ba_goo_1.avi 21,Die_Another_Day_-_Fencing_Scene_Part_1_[HD]_fencing_u_cm_np2_fr_goo_2.avi 21,0.93063,0.45663
Hamlet_(1996)_Fencing_Scenes_fencing_f_cm_np2_fr_med_1.avi 21,Hamlet_(1996)_Fencing_Scenes_fencing_u_cm_np2_fr_med_3.avi 21,0.92943,0.43597
Rapier_at_Clinton_2007_fencing_f_cm_np2_le_bad_3.avi 21,Rapier_at_Clinton_2007_fencing_f_cm_np2_le_bad_5.avi 21,0.92218,0.48127
Rapier_at_Clinton_2007_fencing_f_cm_np2_le_bad_3.avi 21,Rapier_at_Clinton_2007_fencing_f_cm_np2_ri_bad_1.avi 21,0.92498,0.41734
Rapier_at_Clinton_2007_fencing_f_cm_np2_le_bad_3.avi 21,Rapier_at_Clinton_2007_fencing_f_cm_np2_ri_bad_2.avi 21,0.94191,0.44240
Rapier_at_Clinton_2007_fencing_f_cm_np2_le_bad_5.avi 21,Rapier_at_Clinton_2007_fencing_f_cm_np2_ri_bad_1.avi 21,0.90285,0.58443
Rapier_at_Clinton_2007_fencing_f_cm_np2_ri_bad_1.avi 21,Rapier_at_Clinton_2007_fencing_f_cm_np2_ri_bad_2.avi 21,0.93120,0.59000
Rapier_at_Clinton_2007_fencing_f_cm_np2_ri_bad_1.avi 21,Rapier_at_Clinton_2007_fencing_f_cm_np2_ri_bad_4.avi 21,0.93907,0.57599
JOAKIN_(air_tricks_extreme)_flic_flac_f_cm_np1_ba_med_6.avi 37,JOAKIN_(air_tricks_extreme)_flic_flac_f_cm_np1_fr_med_10.avi 37,0.91885,0.55136
Rush_Hour_4_Turnk_r_flic_flac_f_cm_np1_ri_med_5.avi 37,boden__bung_gaurunde_flic_flac_f_cm_np1_ri_med_1.avi 37,0.90250,0.54643
Rush_Hour_4_Turnk_r_flic_flac_f_cm_np1_ri_med_5.avi 37,Rush_Hour_4_Turnk_r_somersault_f_cm_np2_ri_med_1.avi 32,0.90816,0.51788
Rush_Hour_4_Turnk_r_flic_flac_f_cm_np1_ri_med_5.avi 37,Turnk_r_Pippi_Michel_somersault_f_cm_np1_fr_med_0.avi 32,0.90765,0.51152
boden__bung_gaurunde_flic_flac_f_cm_np1_ri_med_1.avi 37,Monikas_Staatsexamen__Turnen_somersault_f_cm_np1_ba_med_1.avi 32,0.90116,0.46484
Jordan_Malinoff_and__Anthony_Kim_Practice_golf_f_cm_np1_fr_med_0.avi 7,Jordan_Malinoff_and__Anthony_Kim_Practice_golf_f_cm_np1_ri_med_5.avi 7,0.93561,0.58934
Jordan_Malinoff_and__Anthony_Kim_Practice_golf_f_cm_np1_fr_med_0.avi 7,Jordan_Malinoff_and__Anthony_Kim_Practice_golf_f_cm_np1_ri_med_7.avi 7,0.90643,0.57048
Mike_Weir_golf_f_cm_np1_fr_med_1.avi 7,Mike_Weir_golf_f_cm_np1_le_med_0.avi 7,0.94917,0.52205
Projekt_SPOHO_2008_-_27_02_08_-_Training-_Bodenk_r_4_handstand_f_cm_np1_le_med_1.avi 41,Projekt_SPOHO_2008_-_27_02_08_-_Training-_Bodenk_r_4_somersault_f_cm_np1_ri_med_0.avi 32,0.93993,0.55666
Destruction_of_a_TV_hit_f_cm_np1_ba_bad_1.avi 43,Destruction_of_a_TV_hit_f_cm_np1_ri_bad_2.avi 43,0.93395,0.57852
Destruction_of_a_TV_hit_f_cm_np1_ba_bad_1.avi 43,Destruction_of_a_TV_hit_f_cm_np1_ri_bad_3.avi 43,0.92674,0.52060
Schnaaper_Crew__Eisbaden_(2007)_hit_f_cm_np1_ba_bad_4.avi 43,Schnaaper_Crew__Eisbaden_(2007)_hit_f_cm_np1_fr_bad_6.avi 43,0.90433,0.58221
Schnaaper_Crew__Eisbaden_(2007)_hit_f_cm_np1_ba_bad_4.avi 43,Schnaaper_Crew__Eisbaden_(2007)_hit_f_cm_np1_le_bad_0.avi 43,0.90382,0.47419
Schnaaper_Crew__Eisbaden_(2007)_hit_f_cm_np1_fr_bad_6.avi 43,Schnaaper_Crew__Eisbaden_(2007)_hit_f_cm_np1_le_bad_3.avi 43,0.90591,0.55646
Schnaaper_Crew__Eisbaden_(2007)_hit_f_cm_np1_le_bad_0.avi 43,Schnaaper_Crew__Eisbaden_(2007)_hit_f_cm_np1_le_bad_3.avi 43,0.93289,0.55173
Schnaaper_Crew__Eisbaden_(2007)_hit_f_cm_np1_le_bad_1.avi 43,Schnaaper_Crew__Eisbaden_(2007)_hit_f_cm_np1_le_bad_3.avi 43,0.93959,0.59626
Free_Hugs_-_Medellin_hug_f_cm_np2_le_med_4.avi 47,Free_Hugs_-_Medellin_hug_f_cm_np4_le_med_10.avi 47,0.90251,0.45954
Faith_Rewarded_jump_f_cm_np1_ri_bad_24.avi 24,Faith_Rewarded_swing_baseball_f_nm_np1_ba_med_23.avi 29,0.95011,0.55484
Faith_Rewarded_jump_f_nm_np1_ri_med_89.avi 24,Faith_Rewarded_swing_baseball_f_nm_np1_ba_bad_78.avi 29,0.90934,0.42161
St__Louis_Goalkeeping__Academy_elite_training_jump_f_nm_np1_le_bad_3.avi 24,St__Louis_Goalkeeping__Academy_elite_training_jump_f_nm_np1_ri_bad_11.avi 24,0.90784,0.57622
St__Louis_Goalkeeping__Academy_elite_training_jump_f_nm_np1_le_bad_3.avi 24,St__Louis_Goalkeeping__Academy_elite_training_jump_f_nm_np1_ri_bad_9.avi 24,0.91247,0.57838
St__Louis_Goalkeeping__Academy_elite_training_jump_f_nm_np1_le_bad_4.avi 24,St__Louis_Goalkeeping__Academy_elite_training_jump_f_nm_np1_le_bad_7.avi 24,0.90418,0.53914
St__Louis_Goalkeeping__Academy_elite_training_jump_f_nm_np1_le_bad_4.avi 24,St__Louis_Goalkeeping__Academy_elite_training_jump_f_nm_np1_le_bad_8.avi 24,0.90605,0.56939
St__Louis_Goalkeeping__Academy_elite_training_jump_f_nm_np1_le_bad_4.avi 24,St__Louis_Goalkeeping__Academy_elite_training_jump_f_nm_np1_ri_bad_11.avi 24,0.91294,0.54836
St__Louis_Goalkeeping__Academy_elite_training_jump_f_nm_np1_le_bad_4.avi 24,St__Louis_Goalkeeping__Academy_elite_training_jump_f_nm_np1_ri_bad_9.avi 24,0.91495,0.57629
St__Louis_Goalkeeping__Academy_elite_training_jump_f_nm_np1_le_bad_5.avi 24,St__Louis_Goalkeeping__Academy_elite_training_jump_f_nm_np1_ri_bad_11.avi 24,0.90842,0.51788
St__Louis_Goalkeeping__Academy_elite_training_jump_f_nm_np1_le_bad_5.avi 24,St__Louis_Goalkeeping__Academy_elite_training_jump_f_nm_np1_ri_bad_9.avi 24,0.91376,0.53630
St__Louis_Goalkeeping__Academy_elite_training_jump_f_nm_np1_ri_bad_0.avi 24,St__Louis_Goalkeeping__Academy_elite_training_jump_f_nm_np1_ri_bad_11.avi 24,0.90817,0.54629
St__Louis_Goalkeeping__Academy_elite_training_jump_f_nm_np1_ri_bad_0.avi 24,St__Louis_Goalkeeping__Academy_elite_training_jump_f_nm_np1_ri_bad_9.avi 24,0.90859,0.56317
St__Louis_Goalkeeping__Academy_elite_training_jump_f_nm_np1_ri_bad_11.avi 24,St__Louis_Goalkeeping__Academy_elite_training_jump_f_nm_np1_ri_bad_12.avi 24,0.93612,0.59685
Stadium_Plyometric_Workout_jump_f_cm_np1_ba_bad_5.avi 24,Stadium_Plyometric_Workout_jump_f_cm_np1_ba_bad_6.avi 24,0.92125,0.46546
Stadium_Plyometric_Workout_jump_f_cm_np1_ba_bad_5.avi 24,Stadium_Plyometric_Workout_jump_f_cm_np1_ba_bad_7.avi 24,0.93769,0.56039
Stadium_Plyometric_Workout_jump_f_cm_np1_ba_bad_5.avi 24,Stadium_Plyometric_Workout_jump_f_cm_np1_ba_med_8.avi 24,0.92892,0.55317
Stadium_Plyometric_Workout_jump_f_cm_np1_ba_bad_6.avi 24,Stadium_Plyometric_Workout_jump_f_cm_np1_ba_med_8.avi 24,0.93177,0.56966
The_Matrix_2_kick_f_cm_np1_le_med_6.avi 42,The_Matrix_2_kick_f_cm_np1_ri_med_5.avi 42,0.94036,0.44737
The_Matrix_2_kick_f_cm_np1_le_med_6.avi 42,The_Matrix_3_kick_f_nm_np1_fr_med_0.avi 42,0.93853,0.47950
The_Matrix_2_kick_f_cm_np1_le_med_6.avi 42,The_Matrix_3_kick_f_nm_np1_le_med_1.avi 42,0.97339,0.54298
The_Matrix_2_kick_f_cm_np1_ri_med_5.avi 42,The_Matrix_3_kick_f_cm_np1_fr_med_5.avi 42,0.91257,0.45654
The_Matrix_2_kick_f_cm_np1_ri_med_5.avi 42,The_Matrix_3_kick_f_cm_np1_le_med_2.avi 42,0.94319,0.42879
The_Matrix_2_kick_f_cm_np1_ri_med_5.avi 42,The_Matrix_3_kick_f_nm_np1_fr_med_0.avi 42,0.90135,0.41771
The_Matrix_2_kick_f_cm_np1_ri_med_5.avi 42,The_Matrix_3_kick_f_nm_np1_le_med_1.avi 42,0.93731,0.52627
The_Matrix_3_kick_f_cm_np1_fr_med_5.avi 42,The_Matrix_3_kick_f_cm_np1_le_med_2.avi 42,0.92822,0.57592
The_Matrix_3_kick_f_cm_np1_fr_med_5.avi 42,The_Matrix_3_kick_f_nm_np1_fr_med_0.avi 42,0.90165,0.46781
The_Matrix_3_kick_f_cm_np1_fr_med_5.avi 42,The_Matrix_3_kick_f_nm_np1_le_med_1.avi 42,0.94443,0.54883
The_Matrix_3_kick_f_cm_np1_le_med_2.avi 42,The_Matrix_3_kick_f_nm_np1_fr_med_0.avi 42,0.94734,0.55051
The_Matrix_3_kick_f_cm_np1_le_med_2.avi 42,The_Matrix_3_kick_f_nm_np1_le_med_1.avi 42,0.97024,0.53835
kick__Baddest_Fight_Scenes_EVER!_-_Kickboxer_-_Part_1_of_2_kick_f_cm_np1_fr_med_11.avi 42,kick__Baddest_Fight_Scenes_EVER!_-_Kickboxer_-_Part_1_of_2_kick_u_cm_np1_ri_med_9.avi 42,0.90684,0.34189
kick__Baddest_Fight_Scenes_EVER!_-_Kickboxer_-_Part_1_of_2_kick_u_cm_np1_ba_med_1.avi 42,kick__Baddest_Fight_Scenes_EVER!_-_Kickboxer_-_Part_1_of_2_kick_u_cm_np1_ba_med_3.avi 42,0.94847,0.58590
kick__Baddest_Fight_Scenes_EVER!_-_Kickboxer_-_Part_1_of_2_kick_u_cm_np1_ba_med_1.avi 42,kick__Baddest_Fight_Scenes_EVER!_-_Kickboxer_-_Part_1_of_2_kick_u_cm_np1_ba_med_5.avi 42,0.91410,0.57511
kick__Baddest_Fight_Scenes_EVER!_-_Kickboxer_-_Part_1_of_2_kick_u_cm_np1_ba_med_1.avi 42,kick__Baddest_Fight_Scenes_EVER!_-_Kickboxer_-_Part_1_of_2_kick_u_cm_np1_ba_med_8.avi 42,0.92175,0.43411
kick__Baddest_Fight_Scenes_EVER!_-_Kickboxer_-_Part_1_of_2_kick_u_cm_np1_ba_med_3.avi 42,kick__Baddest_Fight_Scenes_EVER!_-_Kickboxer_-_Part_1_of_2_kick_u_cm_np1_ba_med_8.avi 42,0.91408,0.41879
kick__Baddest_Fight_Scenes_EVER!_-_Kickboxer_-_Part_1_of_2_kick_u_cm_np1_ba_med_5.avi 42,kick__Baddest_Fight_Scenes_EVER!_-_Kickboxer_-_Part_1_of_2_kick_u_cm_np1_ba_med_6.avi 42,0.91758,0.48985
kick__Best_fight_scene_of_all_time_kick_f_cm_np1_ba_bad_11.avi 42,kick__Best_fight_scene_of_all_time_kick_f_cm_np1_fr_bad_10.avi 42,0.91902,0.40574
kick__Best_fight_scene_of_all_time_kick_f_cm_np1_fr_bad_5.avi 42,kick__Best_fight_scene_of_all_time_kick_f_cm_np1_le_bad_8.avi 42,0.90180,0.43798
kick__Best_fight_scene_of_all_time_kick_f_cm_np1_le_bad_0.avi 42,kick__Best_fight_scene_of_all_time_kick_f_cm_np1_ri_bad_4.avi 42,0.91287,0.49634
kick__Best_fight_scene_of_all_time_kick_f_cm_np1_le_bad_6.avi 42,kick__Best_fight_scene_of_all_time_kick_f_cm_np1_le_bad_8.avi 42,0.91609,0.57449
kick__Best_fight_scene_of_all_time_kick_f_cm_np1_le_bad_6.avi 42,kick__Best_fight_scene_of_all_time_kick_f_cm_np1_ri_bad_4.avi 42,0.90806,0.49662
kick__Best_fight_scene_of_all_time_kick_f_cm_np1_ri_bad_1.avi 42,kick__Best_fight_scene_of_all_time_kick_f_cm_np1_ri_bad_4.avi 42,0.96814,0.58745
Britney_Spears_-_Comercial_Pepsi_soccer_kick_ball_f_nm_np1_ba_med_0.avi 20,Britney_Spears_-_Comercial_Pepsi_soccer_kick_ball_f_nm_np1_fr_med_2.avi 20,0.90469,0.46024
Britney_Spears_-_Comercial_Pepsi_soccer_kick_ball_f_nm_np1_ba_med_0.avi 20,Britney_Spears_-_Comercial_Pepsi_soccer_kick_ball_l_nm_np1_fr_med_5.avi 20,0.91366,0.53632
Britney_Spears_-_Comercial_Pepsi_soccer_kick_ball_f_nm_np1_fr_med_1.avi 20,Britney_Spears_-_Comercial_Pepsi_soccer_kick_ball_f_nm_np1_fr_med_2.avi 20,0.94159,0.40040
Britney_Spears_-_Comercial_Pepsi_soccer_kick_ball_f_nm_np1_fr_med_1.avi 20,Britney_Spears_-_Comercial_Pepsi_soccer_kick_ball_f_nm_np1_fr_med_4.avi 20,0.91175,0.44829
Britney_Spears_-_Comercial_Pepsi_soccer_kick_ball_f_nm_np1_fr_med_2.avi 20,Britney_Spears_-_Comercial_Pepsi_soccer_kick_ball_f_nm_np1_fr_med_4.avi 20,0.93833,0.47190
Britney_Spears_-_Comercial_Pepsi_soccer_kick_ball_f_nm_np1_fr_med_2.avi 20,Britney_Spears_-_Comercial_Pepsi_soccer_kick_ball_l_nm_np1_fr_med_5.avi 20,0.95341,0.47214
Britney_Spears_-_Comercial_Pepsi_soccer_kick_ball_f_nm_np1_fr_med_3.avi 20,Britney_Spears_-_Comercial_Pepsi_soccer_kick_ball_f_nm_np1_fr_med_4.avi 20,0.91999,0.52603
Britney_Spears_-_Comercial_Pepsi_soccer_kick_ball_f_nm_np1_fr_med_4.avi 20,Britney_Spears_-_Comercial_Pepsi_soccer_kick_ball_l_nm_np1_fr_med_5.avi 20,0.91098,0.58749
How_to_Shoot_Penalty_Kicks_kick_ball_f_cm_np1_ba_bad_1.avi 20,How_to_Shoot_Penalty_Kicks_kick_ball_f_cm_np1_ba_bad_5.avi 20,0.91374,0.54734
How_to_Shoot_Penalty_Kicks_kick_ball_f_cm_np1_ba_bad_3.avi 20,How_to_Shoot_Penalty_Kicks_kick_ball_f_cm_np1_ba_bad_5.avi 20,0.93227,0.58514
How_to_Shoot_Penalty_Kicks_kick_ball_f_cm_np1_ba_bad_4.avi 20,How_to_Shoot_Penalty_Kicks_kick_ball_f_cm_np1_ba_bad_5.avi 20,0.94346,0.55705
Nike_Soccer_Freestyle_kick_ball_f_cm_np1_fr_med_0.avi 20,Nike_Soccer_Freestyle_kick_ball_f_cm_np1_le_med_2.avi 20,0.91827,0.55176
TVs_Best_Kisses_Top_50_(30_to_21)_kiss_h_cm_np2_le_goo_5.avi 14,TVs_Best_Kisses_Top_50_(30_to_21)_kiss_h_nm_np2_le_goo_4.avi 14,0.91893,0.57341
Re-_Skype_Laughter_Chain_1_laugh_h_nm_np1_fr_goo_1.avi 17,Re-_Skype_Laughter_Chain_1_laugh_h_nm_np1_fr_goo_2.avi 17,0.91037,0.52962
Skype_Laughter_Chain_reaction_(-_laugh_u_nm_np2_ri_med_0.avi 17,Skype_Laughter_Chain_reaction_(-_laugh_u_nm_np2_ri_med_2.avi 17,0.94994,0.53369
KOREAN_TEA_CEREMONY_-_Simple_Demo_pour_u_nm_np1_fr_med_0.avi 0,KOREAN_TEA_CEREMONY_-_Simple_Demo_pour_u_nm_np1_fr_med_1.avi 0,0.93887,0.60000
Pomegranate_Martini_Cocktail_Recipes_pour_u_cm_np1_fr_med_0.avi 0,Pomegranate_Martini_Cocktail_Recipes_pour_u_cm_np1_fr_med_2.avi 0,0.90353,0.53494
Pomegranate_Martini_Cocktail_Recipes_pour_u_cm_np1_fr_med_1.avi 0,Pomegranate_Martini_Cocktail_Recipes_pour_u_cm_np1_fr_med_2.avi 0,0.90275,0.56956
20_Marine_Corps_Pull_Ups_-_JimmyDShea_pullup_f_cm_np1_ba_bad_3.avi 48,20_Marine_Corps_Pull_Ups_-_JimmyDShea_pullup_u_cm_np1_ba_bad_0.avi 48,0.90455,0.59636
Glory_punch_f_nm_np1_fr_med_36.avi 38,Glory_punch_u_cm_np1_fr_bad_37.avi 38,0.93212,0.37073
Two_Towers_3_punch_u_cm_np1_fr_bad_3.avi 38,Two_Towers_3_punch_u_nm_np1_fr_bad_4.avi 38,0.90942,0.42995
Big_Bebe_walking_and_pushing_her_lion_in_a_box!_push_f_cm_np1_fr_bad_5.avi 9,Big_Bebe_walking_and_pushing_her_lion_in_a_box!_push_f_cm_np1_le_bad_6.avi 9,0.92124,0.56161
Kommandant__muss_Auto_schieben_push_f_cm_np1_le_bad_5.avi 9,Kommandant__muss_Auto_schieben_push_f_cm_np1_ri_bad_0.avi 9,0.90903,0.54117
Pushing_Music_Table_push_f_cm_np1_ba_bad_0.avi 9,Pushing_Music_Table_push_f_cm_np1_fr_bad_3.avi 9,0.91677,0.52702
Pushing_Music_Table_push_f_cm_np1_ba_bad_0.avi 9,Pushing_Music_Table_push_f_cm_np1_fr_bad_8.avi 9,0.90398,0.46786
Pushing_Music_Table_push_f_cm_np1_ba_bad_0.avi 9,Pushing_Music_Table_push_f_cm_np1_le_bad_5.avi 9,0.92064,0.49822
Pushing_Music_Table_push_f_cm_np1_ba_bad_0.avi 9,Pushing_Music_Table_push_f_cm_np1_ri_bad_2.avi 9,0.93480,0.56973
Pushing_Music_Table_push_f_cm_np1_ba_bad_0.avi 9,Pushing_Music_Table_push_f_cm_np1_ri_bad_7.avi 9,0.91426,0.52881
Pushing_Music_Table_push_f_cm_np1_ba_bad_0.avi 9,Pushing_Music_Table_push_u_cm_np1_fr_bad_4.avi 9,0.90187,0.49737
Pushing_Music_Table_push_f_cm_np1_ba_bad_6.avi 9,Pushing_Music_Table_push_f_cm_np1_le_bad_5.avi 9,0.92063,0.48078
Pushing_Music_Table_push_f_cm_np1_ba_bad_6.avi 9,Pushing_Music_Table_push_f_cm_np1_ri_bad_7.avi 9,0.92116,0.59918
Pushing_Music_Table_push_f_cm_np1_fr_bad_3.avi 9,Pushing_Music_Table_push_f_cm_np1_le_bad_5.avi 9,0.94152,0.55373
Pushing_Music_Table_push_f_cm_np1_fr_bad_8.avi 9,Pushing_Music_Table_push_f_cm_np1_le_bad_5.avi 9,0.95941,0.53793
Pushing_Music_Table_push_f_cm_np1_le_bad_5.avi 9,Pushing_Music_Table_push_f_cm_np1_ri_bad_2.avi 9,0.92044,0.55326
Pushing_Music_Table_push_f_cm_np1_le_bad_5.avi 9,Pushing_Music_Table_push_u_cm_np1_fr_bad_4.avi 9,0.94775,0.55244
Pushing_Music_Table_push_f_cm_np1_ri_bad_7.avi 9,Pushing_Music_Table_push_u_cm_np1_fr_bad_4.avi 9,0.91640,0.58895
38_push-ups!_Not_bad_for_a_girl_pushup_f_cm_np1_fr_med_1.avi 6,38_push-ups!_Not_bad_for_a_girl_pushup_f_cm_np2_fr_med_3.avi 6,0.90484,0.53945
38_push-ups!_Not_bad_for_a_girl_pushup_f_cm_np1_fr_med_2.avi 6,38_push-ups!_Not_bad_for_a_girl_pushup_f_cm_np2_fr_med_3.avi 6,0.90981,0.56681
Fahrrad_fahren_mit_Albert_ride_bike_f_cm_np1_ba_med_0.avi 30,Fahrrad_fahren_mit_Albert_ride_bike_f_cm_np1_ba_med_1.avi 30,0.93443,0.58946
Fahrrad_fahren_mit_Albert_ride_bike_f_cm_np1_ba_med_0.avi 30,Fahrrad_fahren_mit_Albert_ride_bike_f_cm_np1_le_med_2.avi 30,0.90234,0.56911
Learn_How_To_Ride_A_Bike_at_Any_Age_ride_bike_f_cm_np1_ba_med_1.avi 30,Learn_How_To_Ride_A_Bike_at_Any_Age_ride_bike_f_cm_np1_fr_med_3.avi 30,0.95736,0.53369
Learn_How_To_Ride_A_Bike_at_Any_Age_ride_bike_f_cm_np1_ba_med_1.avi 30,Learn_How_To_Ride_A_Bike_at_Any_Age_ride_bike_f_cm_np1_fr_med_6.avi 30,0.96497,0.53445
Learn_How_To_Ride_A_Bike_at_Any_Age_ride_bike_f_cm_np1_ba_med_1.avi 30,Learn_How_To_Ride_A_Bike_at_Any_Age_ride_bike_f_cm_np1_fr_med_9.avi 30,0.96739,0.49865
Learn_How_To_Ride_A_Bike_at_Any_Age_ride_bike_f_cm_np1_ba_med_1.avi 30,Learn_How_To_Ride_A_Bike_at_Any_Age_ride_bike_f_cm_np1_le_med_5.avi 30,0.96037,0.56120
Learn_How_To_Ride_A_Bike_at_Any_Age_ride_bike_f_cm_np1_ba_med_1.avi 30,Learn_How_To_Ride_A_Bike_at_Any_Age_ride_bike_f_cm_np1_ri_med_10.avi 30,0.95426,0.52704
Learn_How_To_Ride_A_Bike_at_Any_Age_ride_bike_f_cm_np1_ba_med_1.avi 30,Learn_How_To_Ride_A_Bike_at_Any_Age_ride_bike_f_cm_np1_ri_med_11.avi 30,0.95457,0.50362
Learn_How_To_Ride_A_Bike_at_Any_Age_ride_bike_f_cm_np1_ba_med_4.avi 30,Learn_How_To_Ride_A_Bike_at_Any_Age_ride_bike_f_cm_np1_fr_med_3.avi 30,0.96509,0.58645
Learn_How_To_Ride_A_Bike_at_Any_Age_ride_bike_f_cm_np1_ba_med_4.avi 30,Learn_How_To_Ride_A_Bike_at_Any_Age_ride_bike_f_cm_np1_fr_med_6.avi 30,0.96919,0.57693
Learn_How_To_Ride_A_Bike_at_Any_Age_ride_bike_f_cm_np1_ba_med_4.avi 30,Learn_How_To_Ride_A_Bike_at_Any_Age_ride_bike_f_cm_np1_fr_med_9.avi 30,0.97364,0.50794
Learn_How_To_Ride_A_Bike_at_Any_Age_ride_bike_f_cm_np1_ba_med_4.avi 30,Learn_How_To_Ride_A_Bike_at_Any_Age_ride_bike_f_cm_np1_ri_med_10.avi 30,0.95776,0.55394
Learn_How_To_Ride_A_Bike_at_Any_Age_ride_bike_f_cm_np1_ba_med_4.avi 30,Learn_How_To_Ride_A_Bike_at_Any_Age_ride_bike_f_cm_np1_ri_med_11.avi 30,0.95584,0.53687
Learn_How_To_Ride_A_Bike_at_Any_Age_ride_bike_f_cm_np1_ba_med_7.avi 30,Learn_How_To_Ride_A_Bike_at_Any_Age_ride_bike_f_cm_np1_fr_med_6.avi 30,0.97003,0.57582
Learn_How_To_Ride_A_Bike_at_Any_Age_ride_bike_f_cm_np1_ba_med_7.avi 30,Learn_How_To_Ride_A_Bike_at_Any_Age_ride_bike_f_cm_np1_fr_med_9.avi 30,0.97335,0.52974
Learn_How_To_Ride_A_Bike_at_Any_Age_ride_bike_f_cm_np1_ba_med_7.avi 30,Learn_How_To_Ride_A_Bike_at_Any_Age_ride_bike_f_cm_np1_ri_med_10.avi 30,0.96014,0.56372
Learn_How_To_Ride_A_Bike_at_Any_Age_ride_bike_f_cm_np1_ba_med_7.avi 30,Learn_How_To_Ride_A_Bike_at_Any_Age_ride_bike_f_cm_np1_ri_med_11.avi 30,0.96561,0.58473
Learn_How_To_Ride_A_Bike_at_Any_Age_ride_bike_f_cm_np1_fr_med_3.avi 30,Learn_How_To_Ride_A_Bike_at_Any_Age_ride_bike_f_cm_np1_le_med_8.avi 30,0.92532,0.47538
Learn_How_To_Ride_A_Bike_at_Any_Age_ride_bike_f_cm_np1_fr_med_6.avi 30,Learn_How_To_Ride_A_Bike_at_Any_Age_ride_bike_f_cm_np1_le_med_2.avi 30,0.91190,0.53733
Learn_How_To_Ride_A_Bike_at_Any_Age_ride_bike_f_cm_np1_fr_med_6.avi 30,Learn_How_To_Ride_A_Bike_at_Any_Age_ride_bike_f_cm_np1_le_med_8.avi 30,0.93613,0.49523
Learn_How_To_Ride_A_Bike_at_Any_Age_ride_bike_f_cm_np1_fr_med_6.avi 30,Learn_How_To_Ride_A_Bike_at_Any_Age_ride_bike_f_cm_np1_ri_med_10.avi 30,0.95116,0.59778
Learn_How_To_Ride_A_Bike_at_Any_Age_ride_bike_f_cm_np1_fr_med_6.avi 30,Learn_How_To_Ride_A_Bike_at_Any_Age_ride_bike_f_cm_np1_ri_med_11.avi 30,0.96975,0.57378
Learn_How_To_Ride_A_Bike_at_Any_Age_ride_bike_f_cm_np1_fr_med_9.avi 30,Learn_How_To_Ride_A_Bike_at_Any_Age_ride_bike_f_cm_np1_le_med_2.avi 30,0.93022,0.47881
Learn_How_To_Ride_A_Bike_at_Any_Age_ride_bike_f_cm_np1_fr_med_9.avi 30,Learn_How_To_Ride_A_Bike_at_Any_Age_ride_bike_f_cm_np1_le_med_8.avi 30,0.95145,0.45173
Learn_How_To_Ride_A_Bike_at_Any_Age_ride_bike_f_cm_np1_fr_med_9.avi 30,Learn_How_To_Ride_A_Bike_at_Any_Age_ride_bike_f_cm_np1_ri_med_10.avi 30,0.96167,0.59374
Learn_How_To_Ride_A_Bike_at_Any_Age_ride_bike_f_cm_np1_fr_med_9.avi 30,Learn_How_To_Ride_A_Bike_at_Any_Age_ride_bike_f_cm_np1_ri_med_11.avi 30,0.96742,0.57071
Learn_How_To_Ride_A_Bike_at_Any_Age_ride_bike_f_cm_np1_le_med_2.avi 30,Learn_How_To_Ride_A_Bike_at_Any_Age_ride_bike_f_cm_np1_ri_med_0.avi 30,0.90216,0.52751
Learn_How_To_Ride_A_Bike_at_Any_Age_ride_bike_f_cm_np1_le_med_2.avi 30,Learn_How_To_Ride_A_Bike_at_Any_Age_ride_bike_f_cm_np1_ri_med_10.avi 30,0.92062,0.50890
Learn_How_To_Ride_A_Bike_at_Any_Age_ride_bike_f_cm_np1_le_med_5.avi 30,Learn_How_To_Ride_A_Bike_at_Any_Age_ride_bike_f_cm_np1_ri_med_0.avi 30,0.93757,0.58447
Learn_How_To_Ride_A_Bike_at_Any_Age_ride_bike_f_cm_np1_le_med_5.avi 30,Learn_How_To_Ride_A_Bike_at_Any_Age_ride_bike_f_cm_np1_ri_med_10.avi 30,0.94142,0.54826
Learn_How_To_Ride_A_Bike_at_Any_Age_ride_bike_f_cm_np1_le_med_5.avi 30,Learn_How_To_Ride_A_Bike_at_Any_Age_ride_bike_f_cm_np1_ri_med_11.avi 30,0.92217,0.55366
Learn_How_To_Ride_A_Bike_at_Any_Age_ride_bike_f_cm_np1_le_med_8.avi 30,Learn_How_To_Ride_A_Bike_at_Any_Age_ride_bike_f_cm_np1_ri_med_0.avi 30,0.93203,0.49035
Learn_How_To_Ride_A_Bike_at_Any_Age_ride_bike_f_cm_np1_le_med_8.avi 30,Learn_How_To_Ride_A_Bike_at_Any_Age_ride_bike_f_cm_np1_ri_med_10.avi 30,0.94230,0.47009
Learn_How_To_Ride_A_Bike_at_Any_Age_ride_bike_f_cm_np1_le_med_8.avi 30,Learn_How_To_Ride_A_Bike_at_Any_Age_ride_bike_f_cm_np1_ri_med_11.avi 30,0.91533,0.45758
Schuodde_kann_kein_Fahrrad_fahren_ride_bike_f_cm_np1_le_med_1.avi 30,Schuodde_kann_kein_Fahrrad_fahren_ride_bike_l_cm_np1_le_med_0.avi 30,0.93670,0.58173
Tour_de_France_2009_ETAPA_16_ESPN_ESP__Kilometros_finales_ride_bike_f_cm_np1_ba_med_0.avi 30,Tour_de_France_2009_ETAPA_16_ESPN_ESP__Kilometros_finales_ride_bike_f_cm_np1_fr_med_4.avi 30,0.90972,0.45011
Tour_de_France_2009_ETAPA_16_ESPN_ESP__Kilometros_finales_ride_bike_f_cm_np1_ba_med_0.avi 30,Tour_de_France_2009_ETAPA_16_ESPN_ESP__Kilometros_finales_ride_bike_f_cm_np1_ri_bad_1.avi 30,0.92901,0.26059
Tour_de_France_2009_ETAPA_16_ESPN_ESP__Kilometros_finales_ride_bike_f_cm_np1_fr_med_3.avi 30,Tour_de_France_2009_ETAPA_16_ESPN_ESP__Kilometros_finales_ride_bike_f_cm_np1_fr_med_4.avi 30,0.95350,0.58259
Tour_de_France_2009_ETAPA_16_ESPN_ESP__Kilometros_finales_ride_bike_f_cm_np1_fr_med_4.avi 30,Tour_de_France_2009_ETAPA_16_ESPN_ESP__Kilometros_finales_ride_bike_f_cm_np1_fr_med_5.avi 30,0.95901,0.50180
Tour_de_France_2009_ETAPA_16_ESPN_ESP__Kilometros_finales_ride_bike_f_cm_np1_fr_med_4.avi 30,Tour_de_France_2009_ETAPA_16_ESPN_ESP__Kilometros_finales_ride_bike_f_cm_np1_ri_bad_1.avi 30,0.91986,0.38734
Tour_de_France_2009_ETAPA_16_ESPN_ESP__Kilometros_finales_ride_bike_f_cm_np1_fr_med_5.avi 30,Tour_de_France_2009_ETAPA_16_ESPN_ESP__Kilometros_finales_ride_bike_f_cm_np1_ri_bad_1.avi 30,0.91879,0.37406
Yorki_Kassy_beim_Fahrrad_fahren_ride_bike_f_cm_np1_fr_med_3.avi 30,Yorki_Kassy_beim_Fahrrad_fahren_ride_bike_f_cm_np1_le_med_2.avi 30,0.94774,0.58654
Yorki_Kassy_beim_Fahrrad_fahren_ride_bike_f_cm_np1_le_med_0.avi 30,Yorki_Kassy_beim_Fahrrad_fahren_ride_bike_f_cm_np1_le_med_2.avi 30,0.92843,0.59896
lady_on_bike_ride_bike_f_cm_np1_ba_med_1.avi 30,lady_on_bike_ride_bike_f_cm_np1_ri_med_0.avi 30,0.91429,0.55238
BethEventingTraingGeorge_ride_horse_f_cm_np1_fr_med_5.avi 28,BethEventingTraingGeorge_ride_horse_f_cm_np1_ri_med_1.avi 28,0.90653,0.41291
BethEventingTraingGeorge_ride_horse_f_cm_np1_fr_med_5.avi 28,BethEventingTraingGeorge_ride_horse_f_cm_np1_ri_med_3.avi 28,0.92399,0.35697
BethEventingTraingGeorge_ride_horse_f_cm_np1_fr_med_5.avi 28,BethEventingTraingGeorge_ride_horse_f_cm_np1_ri_med_6.avi 28,0.93976,0.40628
BethEventingTraingGeorge_ride_horse_f_cm_np1_fr_med_7.avi 28,BethEventingTraingGeorge_ride_horse_f_cm_np1_ri_med_3.avi 28,0.90629,0.31157
BethEventingTraingGeorge_ride_horse_f_cm_np1_fr_med_7.avi 28,BethEventingTraingGeorge_ride_horse_f_cm_np1_ri_med_6.avi 28,0.94336,0.46210
BethEventingTraingGeorge_ride_horse_f_cm_np1_fr_med_7.avi 28,BethEventingTraingGeorge_ride_horse_f_cm_np1_ri_med_8.avi 28,0.92578,0.47027
BethEventingTraingGeorge_ride_horse_f_cm_np1_ri_med_1.avi 28,BethEventingTraingGeorge_ride_horse_f_cm_np1_ri_med_3.avi 28,0.92588,0.52499
BethEventingTraingGeorge_ride_horse_f_cm_np1_ri_med_1.avi 28,BethEventingTraingGeorge_ride_horse_f_cm_np1_ri_med_6.avi 28,0.90693,0.45309
BethEventingTraingGeorge_ride_horse_f_cm_np1_ri_med_3.avi 28,BethEventingTraingGeorge_ride_horse_f_cm_np1_ri_med_4.avi 28,0.91056,0.44996
BethEventingTraingGeorge_ride_horse_f_cm_np1_ri_med_3.avi 28,BethEventingTraingGeorge_ride_horse_f_cm_np1_ri_med_6.avi 28,0.92696,0.58626
BethEventingTraingGeorge_ride_horse_f_cm_np1_ri_med_3.avi 28,HorseRiding_ride_horse_f_cm_np1_ba_med_5.avi 28,0.91373,0.45039
BethEventingTraingGeorge_ride_horse_f_cm_np1_ri_med_6.avi 28,BethEventingTraingGeorge_ride_horse_f_cm_np1_ri_med_8.avi 28,0.93921,0.57891
CrossCountry_ride_horse_f_cm_np1_fr_med_1.avi 28,CrossCountry_ride_horse_f_cm_np1_fr_med_11.avi 28,0.90154,0.51333
CrossCountry_ride_horse_f_cm_np1_fr_med_1.avi 28,CrossCountry_ride_horse_f_cm_np1_le_med_10.avi 28,0.93888,0.49568
CrossCountry_ride_horse_f_cm_np1_fr_med_1.avi 28,CrossCountry_ride_horse_f_cm_np1_le_med_4.avi 28,0.90187,0.43523
CrossCountry_ride_horse_f_cm_np1_fr_med_1.avi 28,CrossCountry_ride_horse_u_cm_np1_le_med_6.avi 28,0.92966,0.40245
CrossCountry_ride_horse_f_cm_np1_fr_med_11.avi 28,CrossCountry_ride_horse_f_cm_np1_le_med_10.avi 28,0.90021,0.45878
CrossCountry_ride_horse_f_cm_np1_fr_med_11.avi 28,CrossCountry_ride_horse_f_cm_np1_le_med_2.avi 28,0.91928,0.47114
CrossCountry_ride_horse_f_cm_np1_le_med_10.avi 28,CrossCountry_ride_horse_f_cm_np1_le_med_3.avi 28,0.92326,0.33458
CrossCountry_ride_horse_f_cm_np1_le_med_10.avi 28,CrossCountry_ride_horse_f_cm_np1_le_med_4.avi 28,0.92537,0.53230
CrossCountry_ride_horse_f_cm_np1_le_med_10.avi 28,CrossCountry_ride_horse_u_cm_np1_le_med_6.avi 28,0.94746,0.43257
CrossCountry_ride_horse_f_cm_np1_le_med_2.avi 28,CrossCountry_ride_horse_f_cm_np1_le_med_4.avi 28,0.94431,0.53869
CrossCountry_ride_horse_f_cm_np1_le_med_2.avi 28,CrossCountry_ride_horse_u_cm_np1_le_med_6.avi 28,0.90047,0.43689
CrossCountry_ride_horse_f_cm_np1_le_med_3.avi 28,CrossCountry_ride_horse_f_cm_np1_le_med_4.avi 28,0.90680,0.38145
CrossCountry_ride_horse_f_cm_np1_le_med_4.avi 28,CrossCountry_ride_horse_u_cm_np1_le_med_6.avi 28,0.90290,0.42546
HorseRiding_ride_horse_f_cm_np1_ba_med_5.avi 28,HorseRiding_ride_horse_f_cm_np1_le_med_7.avi 28,0.90025,0.59734
HorseRiding_ride_horse_f_cm_np1_ba_med_5.avi 28,HorseRiding_ride_horse_f_cm_np1_ri_med_1.avi 28,0.93102,0.58397
BLACK_HAWK_DOWN_run_f_nm_np1_ba_med_31.avi 23,BLACK_HAWK_DOWN_run_l_nm_np1_ba_med_33.avi 23,0.94263,0.44241
BSS_2008_-_Wentworth_Miller_erh_lt_gol__Otto_Shootingstar_shake_hands_u_cm_np2_le_med_0.avi 40,BSS_2008_-_Wentworth_Miller_erh_lt_gol__Otto_Shootingstar_shake_hands_u_cm_np2_le_med_1.avi 40,0.91941,0.56172
CSU_Cesar_Chavez_Day_Celebration_and_Award_Ceremony_2009_Part_7_shake_hands_f_cm_np2_le_med_6.avi 40,CSU_Cesar_Chavez_Day_Celebration_and_Award_Ceremony_2009_Part_7_shake_hands_u_cm_np2_le_med_7.avi 40,0.90072,0.58153
10YearOldYouthBasketballStarBaller_shoot_ball_f_cm_np1_ba_med_3.avi 22,10YearOldYouthBasketballStarBaller_shoot_ball_f_nm_np1_ba_med_11.avi 22,0.93098,0.55640
10YearOldYouthBasketballStarBaller_shoot_ball_f_nm_np1_ba_med_11.avi 22,ReggieMillerTakesonThreeAverageGuysinaShootout_shoot_ball_u_nm_np1_ba_med_16.avi 22,0.90145,0.53956
10YearOldYouthBasketballStarBaller_shoot_ball_f_nm_np1_ba_med_11.avi 22,ReggieMillerTakesonThreeAverageGuysinaShootout_shoot_ball_u_nm_np1_ba_med_3.avi 22,0.92192,0.51518
10YearOldYouthBasketballStarBaller_shoot_ball_f_nm_np1_ba_med_12.avi 22,ReggieMillerTakesonThreeAverageGuysinaShootout_shoot_ball_u_nm_np1_ba_med_3.avi 22,0.91931,0.47913
10YearOldYouthBasketballStarBaller_shoot_ball_f_nm_np1_ba_med_14.avi 22,ReggieMillerTakesonThreeAverageGuysinaShootout_shoot_ball_u_nm_np1_ba_med_3.avi 22,0.91557,0.51325
10YearOldYouthBasketballStarBaller_shoot_ball_f_nm_np1_ri_med_10.avi 22,ReggieMillerTakesonThreeAverageGuysinaShootout_shoot_ball_u_nm_np1_ba_med_10.avi 22,0.90406,0.53294
10YearOldYouthBasketballStarBaller_shoot_ball_f_nm_np1_ri_med_10.avi 22,ReggieMillerTakesonThreeAverageGuysinaShootout_shoot_ball_u_nm_np1_ba_med_16.avi 22,0.91247,0.54414
10YearOldYouthBasketballStarBaller_shoot_ball_f_nm_np1_ri_med_10.avi 22,ReggieMillerTakesonThreeAverageGuysinaShootout_shoot_ball_u_nm_np1_ba_med_3.avi 22,0.91727,0.50508
BrandonWebmanplayingbasketball_shoot_ball_f_nm_np1_ba_med_1.avi 22,BrandonWebmanplayingbasketball_shoot_ball_f_nm_np1_ba_med_6.avi 22,0.93854,0.56228
BrandonWebmanplayingbasketball_shoot_ball_f_nm_np1_ba_med_3.avi 22,BrandonWebmanplayingbasketball_shoot_ball_f_nm_np1_ba_med_8.avi 22,0.95294,0.55947
BrandonWebmanplayingbasketball_shoot_ball_f_nm_np1_ba_med_3.avi 22,BrandonWebmanplayingbasketball_shoot_ball_f_nm_np1_le_med_2.avi 22,0.97122,0.55437
BrandonWebmanplayingbasketball_shoot_ball_f_nm_np1_ba_med_5.avi 22,BrandonWebmanplayingbasketball_shoot_ball_f_nm_np1_le_med_2.avi 22,0.93791,0.55057
BrandonWebmanplayingbasketball_shoot_ball_f_nm_np1_ba_med_6.avi 22,BrandonWebmanplayingbasketball_shoot_ball_f_nm_np1_le_med_0.avi 22,0.92484,0.52367
BrandonWebmanplayingbasketball_shoot_ball_f_nm_np1_ba_med_6.avi 22,BrandonWebmanplayingbasketball_shoot_ball_f_nm_np1_le_med_2.avi 22,0.93575,0.46205
BrandonWebmanplayingbasketball_shoot_ball_f_nm_np1_ba_med_8.avi 22,BrandonWebmanplayingbasketball_shoot_ball_f_nm_np1_le_med_2.avi 22,0.94863,0.48994
BrandonWebmanplayingbasketball_shoot_ball_f_nm_np1_le_med_0.avi 22,BrandonWebmanplayingbasketball_shoot_ball_f_nm_np1_le_med_2.avi 22,0.95695,0.57669
ReggieMillerTakesonThreeAverageGuysinaShootout_shoot_ball_u_nm_np1_ba_med_10.avi 22,ReggieMillerTakesonThreeAverageGuysinaShootout_shoot_ball_u_nm_np1_ba_med_19.avi 22,0.92583,0.57847
ReggieMillerTakesonThreeAverageGuysinaShootout_shoot_ball_u_nm_np1_ba_med_19.avi 22,ReggieMillerTakesonThreeAverageGuysinaShootout_shoot_ball_u_nm_np1_ba_med_3.avi 22,0.91600,0.57360
ReggieMillerTakesonThreeAverageGuysinaShootout_shoot_ball_u_nm_np1_ba_med_19.avi 22,ReggieMillerTakesonThreeAverageGuysinaShootout_shoot_ball_u_nm_np1_ba_med_6.avi 22,0.90186,0.48980
ReggieMillerTakesonThreeAverageGuysinaShootout_shoot_ball_u_nm_np1_ba_med_19.avi 22,ReggieMillerTakesonThreeAverageGuysinaShootout_shoot_ball_u_nm_np1_ba_med_7.avi 22,0.91518,0.52306
ReggieMillerTakesonThreeAverageGuysinaShootout_shoot_ball_u_nm_np1_ba_med_4.avi 22,ReggieMillerTakesonThreeAverageGuysinaShootout_shoot_ball_u_nm_np1_ba_med_6.avi 22,0.91519,0.58673
GLOCK17_shoot_gun_f_nm_np1_fr_med_4.avi 3,GLOCK17_shoot_gun_u_nm_np1_ri_goo_7.avi 3,0.91446,0.30916
GLOCK17_shoot_gun_f_nm_np1_fr_med_4.avi 3,GLOCK17_shoot_gun_u_nm_np1_ri_goo_8.avi 3,0.90788,0.39062
GLOCK17_shoot_gun_f_nm_np1_fr_med_4.avi 3,GLOCK17_shoot_gun_u_nm_np1_ri_med_0.avi 3,0.93869,0.48698
GLOCK17_shoot_gun_f_nm_np1_fr_med_4.avi 3,GLOCK17_shoot_gun_u_nm_np1_ri_med_1.avi 3,0.92618,0.46454
GLOCK17_shoot_gun_f_nm_np1_fr_med_4.avi 3,GLOCK17_shoot_gun_u_nm_np1_ri_med_2.avi 3,0.92485,0.43845
GLOCK17_shoot_gun_f_nm_np1_fr_med_5.avi 3,GLOCK17_shoot_gun_u_nm_np1_fr_med_6.avi 3,0.92177,0.56694
GLOCK17_shoot_gun_f_nm_np1_fr_med_5.avi 3,GLOCK17_shoot_gun_u_nm_np1_ri_goo_7.avi 3,0.92061,0.25827
GLOCK17_shoot_gun_f_nm_np1_fr_med_5.avi 3,GLOCK17_shoot_gun_u_nm_np1_ri_goo_8.avi 3,0.91681,0.36278
GLOCK17_shoot_gun_f_nm_np1_fr_med_5.avi 3,GLOCK17_shoot_gun_u_nm_np1_ri_med_0.avi 3,0.93308,0.49239
GLOCK17_shoot_gun_f_nm_np1_fr_med_5.avi 3,GLOCK17_shoot_gun_u_nm_np1_ri_med_1.avi 3,0.92981,0.44044
GLOCK17_shoot_gun_f_nm_np1_fr_med_5.avi 3,GLOCK17_shoot_gun_u_nm_np1_ri_med_2.avi 3,0.92507,0.40285
GLOCK17_shoot_gun_u_nm_np1_fr_med_6.avi 3,GLOCK17_shoot_gun_u_nm_np1_ri_goo_7.avi 3,0.94274,0.46416
GLOCK17_shoot_gun_u_nm_np1_fr_med_6.avi 3,GLOCK17_shoot_gun_u_nm_np1_ri_goo_8.avi 3,0.93561,0.54745
GLOCK17_shoot_gun_u_nm_np1_fr_med_6.avi 3,GLOCK17_shoot_gun_u_nm_np1_ri_med_0.avi 3,0.95401,0.59372
GLOCK17_shoot_gun_u_nm_np1_ri_goo_7.avi 3,GLOCK17_shoot_gun_u_nm_np1_ri_med_0.avi 3,0.93388,0.35986
GLOCK17_shoot_gun_u_nm_np1_ri_goo_7.avi 3,GLOCK17_shoot_gun_u_nm_np1_ri_med_1.avi 3,0.94453,0.46193
GLOCK17_shoot_gun_u_nm_np1_ri_goo_7.avi 3,GLOCK17_shoot_gun_u_nm_np1_ri_med_2.avi 3,0.95047,0.43238
GLOCK17_shoot_gun_u_nm_np1_ri_goo_8.avi 3,GLOCK17_shoot_gun_u_nm_np1_ri_med_0.avi 3,0.91806,0.41164
GLOCK17_shoot_gun_u_nm_np1_ri_goo_8.avi 3,GLOCK17_shoot_gun_u_nm_np1_ri_med_1.avi 3,0.94403,0.54047
GLOCK17_shoot_gun_u_nm_np1_ri_goo_8.avi 3,GLOCK17_shoot_gun_u_nm_np1_ri_med_2.avi 3,0.94295,0.49349
5_Min_Tone_Abs_Workout_2__Fitness_Training_w__Tammy_situp_f_nm_np1_fr_goo_3.avi 8,5_Min_Tone_Abs_Workout_2__Fitness_Training_w__Tammy_situp_f_nm_np1_le_goo_0.avi 8,0.93928,0.57801
5_Min_Tone_Abs_Workout_2__Fitness_Training_w__Tammy_situp_f_nm_np1_fr_goo_3.avi 8,5_Min_Tone_Abs_Workout_2__Fitness_Training_w__Tammy_situp_f_nm_np1_le_goo_1.avi 8,0.93929,0.56771
5_Min_Tone_Abs_Workout_2__Fitness_Training_w__Tammy_situp_f_nm_np1_fr_goo_3.avi 8,5_Min_Tone_Abs_Workout_2__Fitness_Training_w__Tammy_situp_f_nm_np1_le_goo_5.avi 8,0.94402,0.57298
5_Min_Tone_Abs_Workout_2__Fitness_Training_w__Tammy_situp_f_nm_np1_fr_goo_4.avi 8,5_Min_Tone_Abs_Workout_2__Fitness_Training_w__Tammy_situp_f_nm_np1_le_goo_0.avi 8,0.93400,0.55993
5_Min_Tone_Abs_Workout_2__Fitness_Training_w__Tammy_situp_f_nm_np1_fr_goo_4.avi 8,5_Min_Tone_Abs_Workout_2__Fitness_Training_w__Tammy_situp_f_nm_np1_le_goo_1.avi 8,0.93780,0.58294
5_Min_Tone_Abs_Workout_2__Fitness_Training_w__Tammy_situp_f_nm_np1_fr_goo_4.avi 8,5_Min_Tone_Abs_Workout_2__Fitness_Training_w__Tammy_situp_f_nm_np1_le_goo_5.avi 8,0.93905,0.55509
6_Minute_Abs_Routine_situp_f_nm_np1_ri_bad_0.avi 8,6_Minute_Abs_Routine_situp_f_nm_np2_le_bad_5.avi 8,0.94587,0.53906
Glory_smoke_h_nm_np1_fr_goo_41.avi 33,Glory_smoke_h_nm_np1_fr_goo_42.avi 33,0.92307,0.58718
Raucher_TRICK_xD_smoke_h_cm_np1_fr_med_0.avi 33,Raucher_TRICK_xD_smoke_u_cm_np1_fr_med_1.avi 33,0.96547,0.57665
Raucher_TRICK_xD_smoke_h_cm_np1_fr_med_0.avi 33,Raucher_TRICK_xD_smoke_u_cm_np1_fr_med_2.avi 33,0.96308,0.54811
Raucher_TRICK_xD_smoke_h_cm_np1_fr_med_0.avi 33,Raucher_TRICK_xD_smoke_u_cm_np1_fr_med_3.avi 33,0.96504,0.51882
zigarette_rauchen_smoke_h_nm_np1_fr_med_0.avi 33,zigarette_rauchen_smoke_h_nm_np1_fr_med_1.avi 33,0.97856,0.50974
zigarette_rauchen_smoke_h_nm_np1_fr_med_1.avi 33,zigarette_rauchen_smoke_h_nm_np1_fr_med_2.avi 33,0.96372,0.49568
Bodenk_r_Spo_08_somersault_f_cm_np1_le_med_0.avi 32,Philli_beim_Bodenturnen_somersault_f_cm_np1_ri_bad_0.avi 32,0.90406,0.49967
Monikas_Staatsexamen__Turnen_somersault_f_cm_np1_ba_med_1.avi 32,Monikas_Staatsexamen__Turnen_somersault_f_cm_np1_le_med_5.avi 32,0.96135,0.59814
Paul_Hamm_on_Floor_Exercise_at_2008_Pacific_Rim_somersault_f_cm_np1_fr_med_0.avi 32,Paul_Hamm_on_Floor_Exercise_at_2008_Pacific_Rim_somersault_f_cm_np1_le_med_2.avi 32,0.92565,0.57958
Philli_beim_Bodenturnen_somersault_f_cm_np1_ri_bad_5.avi 32,Turnk_r_Pippi_Michel_somersault_f_cm_np1_fr_med_1.avi 32,0.90356,0.42746
Philli_beim_Bodenturnen_somersault_f_cm_np1_ri_bad_5.avi 32,Turnk_r_Pippi_Michel_somersault_f_cm_np1_fr_med_2.avi 32,0.90168,0.49994
Projekt_SPOHO_2008_-_27_02_08_-_Training-_Bodenk_r_3_somersault_f_cm_np1_le_med_0.avi 32,Projekt_SPOHO_2008_-_27_02_08_-_Training-_Bodenk_r_4_somersault_f_cm_np1_le_med_2.avi 32,0.90323,0.49678
Projekt_SPOHO_2008_-_27_02_08_-_Training-_Bodenk_r_4_somersault_f_cm_np1_le_med_2.avi 32,Projekt_SPOHO_2008_-_27_02_08_-_Training-_Bodenk_r_4_somersault_f_cm_np1_ri_med_0.avi 32,0.95135,0.58889
Turnen_Uni_Osnabr_ck_Boden_(Einf_hrung)_somersault_f_cm_np1_ba_med_1.avi 32,Turnen_Uni_Osnabr_ck_Boden_(Einf_hrung)_somersault_f_cm_np1_ri_med_0.avi 32,0.91005,0.57631
Turnk_r_Pippi_Michel_somersault_f_cm_np1_fr_med_0.avi 32,Turnk_r_Pippi_Michel_somersault_f_cm_np2_ri_med_3.avi 32,0.90047,0.57796
Turnk_r_Pippi_Michel_somersault_f_cm_np2_le_med_7.avi 32,Turnk_r_Pippi_Michel_somersault_f_cm_np2_ri_med_4.avi 32,0.91983,0.56310
Faith_Rewarded_swing_baseball_f_cm_np1_ba_bad_11.avi 29,Faith_Rewarded_swing_baseball_f_nm_np1_ba_med_23.avi 29,0.90850,0.49773
Faith_Rewarded_swing_baseball_f_cm_np1_ba_bad_11.avi 29,Faith_Rewarded_swing_baseball_f_nm_np1_fr_bad_72.avi 29,0.90232,0.42383
Faith_Rewarded_swing_baseball_f_cm_np1_le_bad_21.avi 29,Faith_Rewarded_swing_baseball_f_cm_np1_ri_bad_37.avi 29,0.91017,0.53320
Faith_Rewarded_swing_baseball_f_cm_np1_le_bad_21.avi 29,Faith_Rewarded_swing_baseball_f_nm_np1_le_bad_47.avi 29,0.91580,0.51200
Faith_Rewarded_swing_baseball_f_cm_np1_le_bad_21.avi 29,Faith_Rewarded_swing_baseball_u_nm_np1_ri_bad_48.avi 29,0.92477,0.54452
Faith_Rewarded_swing_baseball_f_cm_np1_ri_bad_37.avi 29,Faith_Rewarded_swing_baseball_f_nm_np1_le_bad_47.avi 29,0.93095,0.46034
Faith_Rewarded_swing_baseball_f_cm_np1_ri_bad_37.avi 29,Faith_Rewarded_swing_baseball_u_nm_np1_ri_bad_48.avi 29,0.91619,0.54467
Faith_Rewarded_swing_baseball_f_nm_np1_ba_bad_78.avi 29,Faith_Rewarded_swing_baseball_f_nm_np1_ba_med_80.avi 29,0.90773,0.48674
Faith_Rewarded_swing_baseball_f_nm_np1_fr_bad_72.avi 29,Faith_Rewarded_swing_baseball_f_nm_np1_fr_med_75.avi 29,0.90674,0.53956
Faith_Rewarded_swing_baseball_f_nm_np1_le_bad_47.avi 29,Faith_Rewarded_swing_baseball_u_nm_np1_ri_bad_48.avi 29,0.91114,0.48550
Medieval_Times_Knights_Battle_Sword_Fight_sword_f_cm_np2_ba_med_6.avi 15,Medieval_Times_Knights_Battle_Sword_Fight_sword_f_cm_np2_le_bad_0.avi 15,0.91098,0.50463
Medieval_Times_Knights_Battle_Sword_Fight_sword_f_cm_np2_ba_med_6.avi 15,Medieval_Times_Knights_Battle_Sword_Fight_sword_f_cm_np2_le_med_3.avi 15,0.91365,0.57005
Medieval_Times_Knights_Battle_Sword_Fight_sword_f_cm_np2_ba_med_6.avi 15,Medieval_Times_Knights_Battle_Sword_Fight_sword_f_cm_np2_ri_med_2.avi 15,0.90963,0.56174
Medieval_Times_Knights_Battle_Sword_Fight_sword_f_cm_np2_ba_med_6.avi 15,Medieval_Times_Knights_Battle_Sword_Fight_sword_f_cm_np2_ri_med_4.avi 15,0.92929,0.54066
Medieval_Times_Knights_Battle_Sword_Fight_sword_f_cm_np2_ba_med_7.avi 15,Medieval_Times_Knights_Battle_Sword_Fight_sword_f_cm_np2_fr_med_5.avi 15,0.97247,0.56767
Medieval_Times_Knights_Battle_Sword_Fight_sword_f_cm_np2_ba_med_7.avi 15,Medieval_Times_Knights_Battle_Sword_Fight_sword_f_cm_np2_le_bad_0.avi 15,0.93051,0.49280
Medieval_Times_Knights_Battle_Sword_Fight_sword_f_cm_np2_ba_med_7.avi 15,Medieval_Times_Knights_Battle_Sword_Fight_sword_f_cm_np2_le_med_3.avi 15,0.94293,0.57562
Medieval_Times_Knights_Battle_Sword_Fight_sword_f_cm_np2_ba_med_7.avi 15,Medieval_Times_Knights_Battle_Sword_Fight_sword_f_cm_np2_ri_med_4.avi 15,0.93489,0.47812
Obi-Wan_Kenobi__Anakin_Skywalker_and_Yoda_vs__Count_Dooku_sword_f_cm_np2_fr_bad_3.avi 15,Obi-Wan_Kenobi__Anakin_Skywalker_and_Yoda_vs__Count_Dooku_sword_f_cm_np2_le_bad_1.avi 15,0.90389,0.54454
Samurai_Fight_Scene_sword_u_cm_np1_ba_goo_1.avi 15,Samurai_Fight_Scene_sword_u_cm_np1_le_goo_0.avi 15,0.95170,0.49385
Takeda_Ryu_Iaido_sword_f_nm_np1_fr_med_7.avi 15,Takeda_Ryu_Iaido_sword_f_nm_np1_le_med_5.avi 15,0.93425,0.49537
Kendo_Basics_sword_exercise_f_cm_np1_le_bad_2.avi 27,Kendo_Basics_sword_exercise_f_cm_np2_le_bad_3.avi 27,0.93427,0.57271
Kendo_Basics_sword_exercise_f_cm_np1_le_bad_2.avi 27,Kendo_Basics_sword_exercise_f_nm_np1_le_bad_4.avi 27,0.93948,0.58562
Kendo_Basics_sword_exercise_f_cm_np2_le_bad_3.avi 27,Kendo_Basics_sword_exercise_f_nm_np1_fr_bad_5.avi 27,0.91337,0.37226
Kendo_Basics_sword_exercise_f_cm_np2_le_bad_3.avi 27,Kendo_Basics_sword_exercise_f_nm_np1_ri_bad_6.avi 27,0.93129,0.52928
Kendo_Basics_sword_exercise_f_nm_np1_fr_bad_5.avi 27,Kendo_Basics_sword_exercise_f_nm_np1_le_bad_4.avi 27,0.91305,0.39508
Kendo_Basics_sword_exercise_f_nm_np1_fr_bad_5.avi 27,Kendo_Basics_sword_exercise_f_nm_np1_ri_bad_6.avi 27,0.91547,0.44582
Kendo_Basics_sword_exercise_f_nm_np1_fr_bad_5.avi 27,Kendo_Basics_sword_exercise_f_nm_np1_ri_bad_7.avi 27,0.91141,0.45160
Kendo_Basics_sword_exercise_f_nm_np1_le_bad_4.avi 27,Kendo_Basics_sword_exercise_f_nm_np1_ri_bad_6.avi 27,0.93463,0.57119
MAF_Tenshin_Ryu_sword_exercise_f_nm_np1_ri_bad_2.avi 27,MAF_Tenshin_Ryu_sword_exercise_f_nm_np2_fr_bad_4.avi 27,0.92054,0.57198
samurai_training_sword_exercise_f_cm_np1_fr_med_1.avi 27,samurai_training_sword_exercise_f_cm_np1_fr_med_10.avi 27,0.92524,0.52482
samurai_training_sword_exercise_f_cm_np1_fr_med_1.avi 27,samurai_training_sword_exercise_f_cm_np1_fr_med_11.avi 27,0.91931,0.54154
samurai_training_sword_exercise_f_cm_np1_fr_med_1.avi 27,samurai_training_sword_exercise_f_cm_np1_fr_med_2.avi 27,0.93435,0.56888
samurai_training_sword_exercise_f_cm_np1_fr_med_1.avi 27,samurai_training_sword_exercise_f_cm_np1_fr_med_5.avi 27,0.93672,0.58209
samurai_training_sword_exercise_f_cm_np1_fr_med_1.avi 27,samurai_training_sword_exercise_f_cm_np1_fr_med_9.avi 27,0.93606,0.59050
samurai_training_sword_exercise_f_cm_np1_fr_med_10.avi 27,samurai_training_sword_exercise_f_cm_np1_fr_med_11.avi 27,0.94103,0.43885
samurai_training_sword_exercise_f_cm_np1_fr_med_10.avi 27,samurai_training_sword_exercise_f_cm_np1_fr_med_2.avi 27,0.92514,0.43831
samurai_training_sword_exercise_f_cm_np1_fr_med_10.avi 27,samurai_training_sword_exercise_f_cm_np1_fr_med_5.avi 27,0.94424,0.51520
samurai_training_sword_exercise_f_cm_np1_fr_med_10.avi 27,samurai_training_sword_exercise_f_cm_np1_fr_med_7.avi 27,0.94213,0.50697
samurai_training_sword_exercise_f_cm_np1_fr_med_11.avi 27,samurai_training_sword_exercise_f_cm_np1_fr_med_9.avi 27,0.94452,0.59563
samurai_training_sword_exercise_f_cm_np1_fr_med_2.avi 27,samurai_training_sword_exercise_f_cm_np1_fr_med_7.avi 27,0.91548,0.58135
samurai_training_sword_exercise_f_cm_np1_fr_med_2.avi 27,samurai_training_sword_exercise_f_cm_np1_fr_med_9.avi 27,0.92223,0.53307
samurai_training_sword_exercise_f_cm_np1_fr_med_5.avi 27,samurai_training_sword_exercise_f_cm_np1_fr_med_9.avi 27,0.94361,0.56430
Prelinger_FamilyLi1949_talk_h_nm_np1_fr_goo_12.avi 2,Prelinger_FamilyLi1949_talk_h_nm_np1_fr_goo_15.avi 2,0.91459,0.54578
Prelinger_FamilyLi1949_talk_h_nm_np1_fr_goo_12.avi 2,Prelinger_FamilyLi1949_talk_h_nm_np1_fr_goo_24.avi 2,0.93112,0.59475
Prelinger_FamilyLi1949_talk_h_nm_np1_fr_goo_13.avi 2,Prelinger_FamilyLi1949_talk_h_nm_np1_fr_med_10.avi 2,0.95934,0.49890
Prelinger_FamilyLi1949_talk_h_nm_np1_fr_goo_19.avi 2,Prelinger_FamilyLi1949_talk_h_nm_np1_fr_med_9.avi 2,0.92461,0.51649
Prelinger_FamilyLi1949_talk_h_nm_np1_fr_goo_21.avi 2,Prelinger_FamilyLi1949_talk_u_nm_np1_fr_med_3.avi 2,0.91271,0.41583
Veoh_Alpha_Dog_2_turn_u_nm_np1_le_med_1.avi 50,Veoh_Alpha_Dog_2_turn_u_nm_np1_ri_med_2.avi 50,0.90383,0.55063
